{"accuracy": 0.7666666666666667, "specificity": 0.375, "sensitivity": 0.9550561797752809}
